Number of Threads	Schedule	Loop	Time
1	affinity	1	1.648334
1	affinity	2	8.690914
2	affinity	1	0.839141
2	affinity	2	6.224832
4	affinity	1	0.435083
4	affinity	2	4.413279
6	affinity	1	0.320622
6	affinity	2	2.603616
8	affinity	1	0.282139
8	affinity	2	1.577584
12	affinity	1	0.238429
12	affinity	2	1.576056
16	affinity	1	0.194840
16	affinity	2	0.987559
