Number of Threads	Schedule	Loop	Time
1	affinity	1	1.759902
1	affinity	2	8.738677
2	affinity	1	0.889118
2	affinity	2	6.267249
4	affinity	1	0.452773
4	affinity	2	4.443868
6	affinity	1	0.315843
6	affinity	2	2.619266
8	affinity	1	0.251119
8	affinity	2	1.580130
12	affinity	1	0.202709
12	affinity	2	0.905010
16	affinity	1	0.195333
16	affinity	2	0.844769
