Number of Threads	Schedule	Loop	Time
1	affinity	1	1.760490
1	affinity	2	8.738289
2	affinity	1	0.889238
2	affinity	2	6.266782
4	affinity	1	0.444063
4	affinity	2	4.443670
6	affinity	1	0.322411
6	affinity	2	2.619453
8	affinity	1	0.256142
8	affinity	2	1.581506
12	affinity	1	0.207904
12	affinity	2	0.903531
16	affinity	1	0.166909
16	affinity	2	0.856385
